{
  "grinning": "😀",
  "grin": "😁",
  "joy": "😂",
  "smiley": "😃",
  "smile": "😄",
  "sweat_smile": "😅",
  "laughing": "😆",
  "innocent": "😇",
  "smiling_imp": "😈",
  "wink": "😉",
  "blush": "😊",
  "yum": "😋",
  "relieved": "😌",
  "heart_eyes": "😍",
  "sunglasses": "😎",
  "smirk": "😏",
  "neutral_face": "😐",
  "expressionless": "😑",
  "unamused": "😒",
  "sweat": "😓",
  "pensive": "😔",
  "confused": "😕",
  "confounded": "😖",
  "kissing": "😗",
  "kissing_heart": "😘",
  "kissing_smiling_eyes": "😙",
  "kissing_closed_eyes": "😚",
  "stuck_out_tongue": "😛",
  "stuck_out_tongue_winking_eye": "😜",
  "stuck_out_tongue_closed_eyes": "😝",
  "disappointed": "😞",
  "worried": "😟",
  "angry": "😠",
  "rage": "😡",
  "cry": "😢",
  "persevere": "😣",
  "triumph": "😤",
  "disappointed_relieved": "😥",
  "frowning": "😦",
  "anguished": "😧",
  "fearful": "😨",
  "weary": "😩",
  "sleepy": "😪",
  "tired_face": "😫",
  "grimacing": "😬",
  "sob": "😭",
  "open_mouth": "😮",
  "hushed": "😯",
  "cold_sweat": "😰",
  "scream": "😱",
  "astonished": "😲",
  "flushed": "😳",
  "sleeping": "😴",
  "dizzy_face": "😵",
  "no_mouth": "😶",
  "mask": "😷",
  "see_no_evil": "🙈",
  "speak_no_evil": "🙊",
  "relaxed": "☺️",
  "pray": "🙏",
  "rocket": "🚀",
  "helicopter": "🚁",
  "steam_locomotive": "🚂",
  "railway_car": "🚃",
  "bullettrain_side": "🚄",
  "heartbeat": "💓",
  "broken_heart": "💔",
  "crescent_moon": "🌙",
  "star2": "🌟",
  "sunny": "☀",
  "rainbow": "🌈",
  "lips": "👄",
  "rose": "🌹",
  "pill": "💊",
  "point_right": "👉",
  "punch": "👊",
  "wave": "👋",
  "ok_hand": "👌",
  "+1": "👍",
  "-1": "👎",
  "clap": "👏",
  "muscle": "💪",
  "chestnut": "🌰",
  "seedling": "🌱",
  "evergreen_tree": "🌲",
  "deciduous_tree": "🌳",
  "palm_tree": "🌴",
  "cactus": "🌵",
  "tulip": "🌷",
  "cherry_blossom": "🌸",
  "hibiscus": "🌺",
  "sunflower": "🌻",
  "blossom": "🌼",
  "corn": "🌽",
  "ear_of_rice": "🌾",
  "herb": "🌿",
  "four_leaf_clover": "🍀",
  "maple_leaf": "🍁",
  "fallen_leaf": "🍂",
  "leaves": "🍃",
  "mushroom": "🍄",
  "tomato": "🍅",
  "eggplant": "🍆",
  "grapes": "🍇",
  "melon": "🍈",
  "watermelon": "🍉",
  "tangerine": "🍊",
  "lemon": "🍋",
  "banana": "🍌",
  "pineapple": "🍍",
  "apple": "🍎",
  "green_apple": "🍏",
  "pear": "🍐",
  "peach": "🍑",
  "cherries": "🍒",
  "strawberry": "🍓",
  "hamburger": "🍔",
  "pizza": "🍕",
  "meat_on_bone": "🍖",
  "poultry_leg": "🍗",
  "rice_cracker": "🍘",
  "rice_ball": "🍙",
  "rice": "🍚",
  "curry": "🍛",
  "ramen": "🍜",
  "spaghetti": "🍝",
  "bread": "🍞",
  "fries": "🍟",
  "sweet_potato": "🍠",
  "dango": "🍡",
  "oden": "🍢",
  "sushi": "🍣",
  "fried_shrimp": "🍤",
  "fish_cake": "🍥",
  "icecream": "🍦",
  "shaved_ice": "🍧",
  "ice_cream": "🍨",
  "doughnut": "🍩",
  "cookie": "🍪",
  "chocolate_bar": "🍫",
  "candy": "🍬",
  "lollipop": "🍭",
  "custard": "🍮",
  "honey_pot": "🍯",
  "cake": "🍰",
  "bento": "🍱",
  "stew": "🍲",
  "egg": "🍳",
  "fork_and_knife": "🍴",
  "tea": "🍵",
  "sake": "🍶",
  "wine_glass": "🍷",
  "cocktail": "🍸",
  "tropical_drink": "🍹",
  "beer": "🍺",
  "beers": "🍻",
  "baby_bottle": "🍼",
  "ribbon": "🎀",
  "gift": "🎁",
  "birthday": "🎂",
  "jack_o_lantern": "🎃",
  "christmas_tree": "🎄",
  "star": "⭐️",
  "x": "❌",
  "o": "⭕️"
}