[{
  "id": 0,
  "isLike": true,
  "likes": 10,
  "comments": 5,
  "shares": 0,
  "image": "https://upload.wikimedia.org/wikipedia/commons/thumb/d/d6/Half_Dome_from_Glacier_Point%2C_Yosemite_NP_-_Diliff.jpg/320px-Half_Dome_from_Glacier_Point%2C_Yosemite_NP_-_Diliff.jpg",
  "isHidden": false,
  "createdAt": "2019-12-17T03:24:00",
  "isJoin": 1,
  "joins": 15,
  "title": "Hello",
  "categoryName": "冒险",
  "content": "今天去黄山玩了一次，很爽",
  "user": {
    "avatar": "http://sucimg.itc.cn/avatarimg/0eda64d8604e4d41a8a1aeef0211a68e_1522396503859",
    "_id": 1,
    "username": "七洲"
  }
}, {
  "id": 0,
  "isLike": true,
  "likes": 2,
  "comments": 2,
  "shares": 0,
  "image": "https://upload.wikimedia.org/wikipedia/commons/thumb/d/d6/Half_Dome_from_Glacier_Point%2C_Yosemite_NP_-_Diliff.jpg/320px-Half_Dome_from_Glacier_Point%2C_Yosemite_NP_-_Diliff.jpg",
  "isHidden": false,
  "createdAt": "2019-12-17T03:24:00",
  "isJoin": 1,
  "joins": 15,
  "title": "Hello",
  "categoryName": "冒险",
  "content": "骑行真的让人心情预约",
  "user": {
    "avatar": "http://sucimg.itc.cn/avatarimg/65e67b0bd6584d8aaec8124ce5040b5e_1448078832689",
    "_id": 2,
    "username": "潘潘三条子" 
  }
},{
  "id": 0,
  "isLike": true,
  "likes": 0,
  "comments": 5,
  "shares": 0,
  "image": "https://upload.wikimedia.org/wikipedia/commons/thumb/d/d6/Half_Dome_from_Glacier_Point%2C_Yosemite_NP_-_Diliff.jpg/320px-Half_Dome_from_Glacier_Point%2C_Yosemite_NP_-_Diliff.jpg",
  "isHidden": false,
  "createdAt": "2019-12-17T03:24:00",
  "isJoin": 1,
  "joins": 15,
  "title": "Hello",
  "categoryName": "冒险",
  "content": "滑雪真好玩。",
  "user": {
    "avatar": "http://sucimg.itc.cn/avatarimg/8bc9cd87f64b4aaa854a231084e24451_1465378254833",
    "_id": 3,
    "username": "慕溪北欧旅游"
  }
},{
  "id": 0,
  "isLike": true,
  "likes": 8,
  "comments": 2,
  "shares": 0,
  "image": "https://upload.wikimedia.org/wikipedia/commons/thumb/d/d6/Half_Dome_from_Glacier_Point%2C_Yosemite_NP_-_Diliff.jpg/320px-Half_Dome_from_Glacier_Point%2C_Yosemite_NP_-_Diliff.jpg",
  "isHidden": false,
  "createdAt": "2019-12-17T03:24:00",
  "isJoin": 1,
  "joins": 15,
  "title": "Hello",
  "categoryName": "冒险",
  "content": "哈哈哈哈哈哈哈哈哈哈哈哈哈哈哈哈哈哈哈哈哈",
  "user": {
    "avatar": "http://5b0988e595225.cdn.sohucs.com/avatar/picon/2013/06/18/1371545727768.png",
    "_id": 4,
    "username": "勒克儿"
  }
}]