{
  "name": "Jennis BNK48",
  "username": "Jennis_BNK48",
  "bio": "Singer",
  "title": "338 Spear St #26G",
  "address": "San Francisco, CA 94105",
  "img":
    "https://cdn.onekindesign.com/wp-content/uploads/2012/09/Franklin-Street-Loft-01-1-Kind-Design.jpg",
  "detail": "Enjoy true urban living in this spacious one bedroom, one bath home at The Infinity. This full service home is finished with Studio Becker cabinetry, hardwood floors, Bosch and Thermador appliances, in-unit washer/dryer and custom lighting. Premium Secure Undergroud"
}
